plan_name,plan_date
ハワイ,2018/09/24
グアム,2018/09/24
セブ島,2018/09/24
京都,2018/09/25
大阪,2018/09/25
北海道,2018/09/25
福岡,2018/09/26
東京,2018/09/26
バンコク,2018/09/26
ジャカルタ,2018/09/26
シンガポール,2018/09/27
メルボルン,2018/09/27
シドニー,2018/09/27
ニューヨーク,2018/09/27
ロサンゼルス,2018/09/28
ラスベガス,2018/09/28
フロリダ,2018/09/28
韓国,2018/09/28
上海,2018/09/29
イギリス,2018/09/29
フランス,2018/09/29
南極,2018/09/29
イタリア,2018/09/29
台湾,2018/09/30
北極,2018/09/30
沖縄,2018/09/30
モスクワ,2018/09/30
クアラルンプール,2018/09/30
アンカラ,2018/09/30
イスタンブール,2018/09/30